/model.22/dfl/Softmax_output_0_Softmax/model.22/dfl/Softmax_output_0_Softmax_pow_mantissa_table_bf16,0x00000000,b03a305a67c67db9b63f5160933c8931,512
/model.22/dfl/Softmax_output_0_Softmax/model.22/dfl/Softmax_output_0_Softmax_pow_table_bf16,0x00000200,e440c362c612682199b9525c4610e38d,512
/model.22/dfl/Softmax_output_0_Softmax/model.22/dfl/Softmax_output_0_Softmax_slope_slope_table_bf16,0x00000400,4d4e3422dc2d478598fd158ca28969b3,512
/model.22/cv3.2/cv3.2.2/Conv_output_0_Conv_filter_reordered,0x00000600,b94453b2c8675fa23ddeef34e34b3c1b,128
/model.22/cv2.2/cv2.2.2/Conv_output_0_Conv_filter_reordered,0x00000680,0706241c9325694580986f0a0f93df09,4096
/model.22/cv3.2/cv3.2.1/act/Mul_output_0_Mul_table,0x00001680,ba843e068c132006cbc9d88724e53565,256
/model.22/cv2.2/cv2.2.1/act/Mul_output_0_Mul_table,0x00001780,736e8ca8de7401950d32915433d564f6,256
/model.22/cv3.2/cv3.2.1/conv/Conv_output_0_Conv_filter_reordered,0x00001880,643cde84d21694de962f518e21b56310,147456
/model.22/cv3.2/cv3.2.1/conv/Conv_output_0_Conv_bias_packed,0x00025880,d3474b825d3ddbf5ea5adad4bd921fdd,1152
/model.22/cv3.2/cv3.2.0/act/Mul_output_0_Mul_table,0x00025d00,2ce7ea3237526bc537b3991f5094c89f,256
/model.22/cv3.2/cv3.2.0/conv/Conv_output_0_Conv_bias_packed,0x00025e00,f591163ed803242b7c77165df906d173,1152
/model.22/cv2.2/cv2.2.0/conv/Conv_output_0_Conv_bias_packed,0x00026280,06deb4aa0ed929aaf470fb3f33d124a5,576
/model.21/cv2/act/Mul_output_0_Mul_table,0x000264c0,f1bba3fe49e9d1a1ba79662461617cdf,256
/model.21/cv2/conv/Conv_output_0_Conv_bias_packed,0x000265c0,00484d75e88d9c9217a4e44902fdc20b,4608
/model.22/cv2.2/cv2.2.2/Conv_output_0_Conv_bias_packed,0x000277c0,15f9a1038849556790611a02dda8ab33,576
/model.21/m.0/cv2/act/Mul_output_0_Mul_table,0x00027a00,4905a16ff05d7f70a6f57e5cbbd44c64,256
/model.21/m.0/cv1/conv/Conv_output_0_Conv_bias_packed,0x00027b00,229b5c23e8282e2988bcb7a618b6e610,2304
/model.22/cv3.2/cv3.2.2/Conv_output_0_Conv_bias_packed,0x00028400,f6c1431dd04e659365d5297a5d726481,9
/model.22/cv2.1/cv2.1.2/Conv_output_0_Conv_bias_packed,0x00028410,b8d87121383e1056ba55bdf5946d722e,576
/model.22/cv2.2/cv2.2.1/conv/Conv_output_0_Conv_filter_reordered,0x00028650,63d4ff6469c83837f1f0896b1dc75ece,36864
/model.21/cv1/act/Mul_output_0_Mul_table,0x00031650,af4f20b27788c81c8570205d7a8ee5e4,256
/model.21/cv1/conv/Conv_output_0_Conv_bias_packed,0x00031750,fc0c42d392fcbe751e53beec78e167c2,4608
/model.22/cv3.1/cv3.1.1/conv/Conv_output_0_Conv_filter_reordered,0x00032950,d012fc671992aabfab6e5a28a9969a04,147456
/model.22/cv2.1/cv2.1.1/conv/Conv_output_0_Conv_bias_packed,0x00056950,c892064f215100de4d3c80528cf6f898,576
/model.19/act/Mul_output_0_Mul_table,0x00056b90,b5a47bb4598b6458a85c5506aaf7f164,256
/model.22/cv2.1/cv2.1.0/conv/Conv_output_0_Conv_filter_reordered,0x00056c90,b97db31341e92c244eb28df0382e4016,147456
/model.22/cv2.2/cv2.2.1/conv/Conv_output_0_Conv_bias_packed,0x0007ac90,343b5c2a68cdc76fcdfd647ee3a2a83c,576
/model.22/cv3.1/cv3.1.1/conv/Conv_output_0_Conv_bias_packed,0x0007aed0,f7d5efedba44412aa9ef00c47c702262,1152
/model.22/cv2.1/cv2.1.0/conv/Conv_output_0_Conv_bias_packed,0x0007b350,bfd2200bc6d40561aa5c355dc8ce26c1,576
/model.19/conv/Conv_output_0_Conv_bias_packed,0x0007b590,02e5cbcf5d19e9ca66d39d43244bb510,2304
/model.18/m.0/cv2/act/Mul_output_0_Mul_table,0x0007be90,00fc3414ce0de7d3a4b50d30b09eebc8,256
/model.21/m.0/cv2/conv/Conv_output_0_Conv_filter_reordered,0x0007bf90,1fe2b83a1f2be692e17c56cde6dab8e9,589824
/model.18/m.0/cv2/conv/Conv_output_0_Conv_filter_reordered,0x0010bf90,2b1deba3f94db8e36819e91d6eff9458,147456
/model.18/cv2/conv/Conv_output_0_Conv_filter_reordered,0x0012ff90,6f5326e33b7f7ee1166eff500ab3b111,98304
/model.18/m.0/cv2/conv/Conv_output_0_Conv_bias_packed,0x00147f90,1df8b1e196f02d5f50305035209d8fe6,1152
/model.22/cv3.0/cv3.0.2/Conv_output_0_Conv_filter_reordered,0x00148410,83aaf00ad11102c7d018c166414ce061,128
/model.22/cv2.0/cv2.0.2/Conv_output_0_Conv_bias_packed,0x00148490,9fabc635153b212c32c0825bfdbc9b99,576
/model.22/Sigmoid_output_0_Sigmoid_table,0x001486d0,792b66e6432feb8c990dec134791162a,256
/model.6/m.1/cv1/act/Mul_output_0_Mul_table,0x001487d0,dde69ba68694dacfab93f33b663bac00,256
/model.22/cv3.1/cv3.1.0/conv/Conv_output_0_Conv_bias_packed,0x001488d0,a7679a0e15e93432c660ca10b006c4d6,1152
/model.8/m.0/cv2/act/Mul_output_0_Mul_table,0x00148d50,561bedb017a82d68863801419696221c,256
/model.22/cv2.2/cv2.2.0/act/Mul_output_0_Mul_table,0x00148e50,1b61ce6d5e0ea5db35748a90edfbca1d,256
/model.1/conv/Conv_output_0_Conv_filter_reordered,0x00148f50,e9a074b118b1552251b4e544ace6a46d,18432
/model.18/m.0/cv1/conv/Conv_output_0_Conv_bias_packed,0x0014d750,f2a22e0d1cc0b2c523926da9df12ddbf,1152
/model.8/m.0/cv1/conv/Conv_output_0_Conv_filter_reordered,0x0014dbd0,3134068ee7b2f324fde67987c1a4d065,589824
/model.6/m.0/cv2/act/Mul_output_0_Mul_table,0x001ddbd0,b859931072ea02c9b9d514d3fde11c12,256
/model.22/cv3.1/cv3.1.0/conv/Conv_output_0_Conv_filter_reordered,0x001ddcd0,72fb63d57713c50b4267f08d4b3741fb,294912
/model.6/cv2/conv/Conv_output_0_Conv_filter_reordered,0x00225cd0,f42236132a67920787b10b68bec3a0a7,131072
/model.4/m.1/cv1/conv/Conv_output_0_Conv_bias_packed,0x00245cd0,8b0df96cceda72c4da33da445cdc4e54,576
/model.3/act/Mul_output_0_Mul_table,0x00245f10,a5d7aefac30c3d85628b3dcca76cfa84,256
/model.21/m.0/cv1/act/Mul_output_0_Mul_table,0x00246010,fec4040ca093c2b3907963137fca1c08,256
/model.6/m.0/cv1/conv/Conv_output_0_Conv_filter_reordered,0x00246110,c94472f43494c148d0b45fd5ee4c0765,147456
/model.6/m.0/cv1/conv/Conv_output_0_Conv_bias_packed,0x0026a110,fa3d00d7bfcf91aa1479d5d8caa91297,1152
/model.18/cv2/conv/Conv_output_0_Conv_bias_packed,0x0026a590,888c675ac7e5394cfb65176638d326f0,2304
/model.0/act/Mul_output_0_Mul_table,0x0026ae90,3daf06158d4a4443e12cf13cd3238f34,256
/model.12/cv2/act/Mul_output_0_Mul_table,0x0026af90,e56771aa2ca1d3cfabfeccd0525e6df0,256
/model.5/act/Mul_output_0_Mul_table,0x0026b090,a92d4144ce91e2fd499b0834bc963fef,256
/model.19/conv/Conv_output_0_Conv_filter_reordered,0x0026b190,e982e591209464471a9b857963b89e59,589824
/model.18/cv2/act/Mul_output_0_Mul_table,0x002fb190,7ffcc527536b67abfe3e48e129e281be,256
/model.5/conv/Conv_output_0_Conv_bias_packed,0x002fb290,857da0f4d4350ff65716ed8507639c23,2304
/model.4/m.1/cv2/act/Mul_output_0_Mul_table,0x002fbb90,41eb5d0daeb42210e04fa7b1c47e0236,256
/model.22/cv2.1/cv2.1.1/act/Mul_output_0_Mul_table,0x002fbc90,5316b3b955343616e23b09824bce1ef9,256
/model.4/m.1/cv2/conv/Conv_output_0_Conv_bias_packed,0x002fbd90,659895abd43693e444af97cbe9db5328,576
/model.22/dfl/Softmax_output_0_Softmax/model.22/dfl/Softmax_output_0_Softmax_slope_table_bf16,0x002fbfd0,ac8c9fd3dc763bcc460b6298d6171458,512
/model.2/m.0/cv1/conv/Conv_output_0_Conv_filter_reordered,0x002fc1d0,db5b6b525a5ee8f993dd1617529f9460,9216
/model.15/m.0/cv1/act/Mul_output_0_Mul_table,0x002fe5d0,0959a8c21163a517daf4ed585f3a6d65,256
/model.4/cv2/conv/Conv_output_0_Conv_filter_reordered,0x002fe6d0,91f097e59a340d526525f81096949a26,32768
/model.2/m.0/cv1/act/Mul_output_0_Mul_table,0x003066d0,5995c205655071ec79d0fd39654c375d,256
/model.6/m.1/cv2/conv/Conv_output_0_Conv_filter_reordered,0x003067d0,5a9d1c4454543971c5cff1cbd7498044,147456
/model.21/m.0/cv1/conv/Conv_output_0_Conv_filter_reordered,0x0032a7d0,b5d623ad8b1584bc9530131670de7087,589824
/model.22/cv2.0/cv2.0.1/conv/Conv_output_0_Conv_filter_reordered,0x003ba7d0,68a69cc4cf47cdfab26fc75e868721ef,36864
/model.6/m.1/cv1/conv/Conv_output_0_Conv_filter_reordered,0x003c37d0,03c433cb1ce3e06921dc54c9a66d2b5b,147456
/model.4/m.0/cv2/conv/Conv_output_0_Conv_filter_reordered,0x003e77d0,ccef179fd536bd4c3525e513ca9e9119,36864
/model.9/cv2/conv/Conv_output_0_Conv_filter_reordered,0x003f07d0,8efa4fbd050aa7144f6feba91d072a3f,524288
/model.6/m.0/cv2/conv/Conv_output_0_Conv_filter_reordered,0x004707d0,b86b4d0a4f16af0c8ad1ebe605e0b19e,147456
/model.2/cv1/conv/Conv_output_0_Conv_filter_reordered,0x004947d0,3e61bc3f950bce01fb030a06d1062add,4096
/model.6/m.1/cv2/conv/Conv_output_0_Conv_bias_packed,0x004957d0,a94066569ea5e8dd0864d0c90fe0ab02,1152
/model.16/conv/Conv_output_0_Conv_filter_reordered,0x00495c50,29a117e9b5b54552d84956181debd176,147456
/model.3/conv/Conv_output_0_Conv_bias_packed,0x004b9c50,0bc9a18e21a14bd6fa6b4cc347b9b1f4,1152
/model.22/cv2.2/cv2.2.0/conv/Conv_output_0_Conv_filter_reordered,0x004ba0d0,6394ba16d8d3f751ddf219ed26dbc4df,294912
/model.2/cv2/act/Mul_output_0_Mul_table,0x005020d0,8ad2815f021e7ea9002e3d796eb0a492,256
/model.21/m.0/cv2/conv/Conv_output_0_Conv_bias_packed,0x005021d0,a5810ae518a8e6053e2fe8b67dbfcae4,2304
/model.22/cv2.0/cv2.0.1/act/Mul_output_0_Mul_table,0x00502ad0,e41c5a80a229ff5b7f33c5f30edbff90,256
/model.22/cv3.2/cv3.2.0/conv/Conv_output_0_Conv_filter_reordered,0x00502bd0,6c866fe726afc83885f4545b5ef880b9,589824
/model.6/m.1/cv2/act/Mul_output_0_Mul_table,0x00592bd0,e280e06e35ad37744603ea8103370e15,256
/model.2/cv1/act/Mul_output_0_Mul_table,0x00592cd0,22478bcdd8f195c2a0ba07e91d0e70fd,256
/model.22/dfl/conv/Conv_output_0_Conv_filter_reordered,0x00592dd0,c230c3dc838e5adcb3491f61872fe95b,16
/model.22/cv3.1/cv3.1.2/Conv_output_0_Conv_filter_reordered,0x00592de0,d1b9527ef018b4d52947cd3043639b00,128
/model.2/m.0/cv1/conv/Conv_output_0_Conv_bias_packed,0x00592e60,44fc78fa22528d61cfe2d0b6d8c6faab,288
/model.5/conv/Conv_output_0_Conv_filter_reordered,0x00592f80,b65587b463e02bd771ae43d3c9a26da1,294912
/model.4/m.0/cv2/act/Mul_output_0_Mul_table,0x005daf80,eada90b1ec8f460875ed4b49eeb1a0c0,256
/model.0/conv/Conv_output_0_Conv_filter_reordered,0x005db080,cbd69fe2a4588d696d4a240c348edb25,1152
/model.0/conv/Conv_output_0_Conv_bias_packed,0x005db500,faf45c4625b7057d1845fdb8040581d9,288
/model.9/cv1/conv/Conv_output_0_Conv_bias_packed,0x005db620,5247f1c2cfcd820a8d357c4aea34d2d9,2304
/model.2/cv2/conv/Conv_output_0_Conv_bias_packed,0x005dbf20,4243923ff08e51ca575e47d5f1c57a07,576
/model.22/cv3.0/cv3.0.0/conv/Conv_output_0_Conv_filter_reordered,0x005dc160,6fb4b5e1b234cefd35256eda06831053,147456
/model.22/cv3.1/cv3.1.0/act/Mul_output_0_Mul_table,0x00600160,9e592d72897eb63fc44f9fd11e750acb,256
/model.1/act/Mul_output_0_Mul_table,0x00600260,c0c17fdc0b8f087d6d1f3ee3035328a0,256
/model.4/cv2/act/Mul_output_0_Mul_table,0x00600360,79f36e4e2cbb1a1812f358963f826bfa,256
/model.8/m.0/cv1/act/Mul_output_0_Mul_table,0x00600460,02391a9990c1163d6d951fce49fe4b64,256
/model.22/cv2.1/cv2.1.1/conv/Conv_output_0_Conv_filter_reordered,0x00600560,61ab6f803ea3c5898c9e3f73dc9b5a46,36864
/model.16/conv/Conv_output_0_Conv_bias_packed,0x00609560,61801b1baa780adb11d1840ece2d660b,1152
/model.2/cv2/conv/Conv_output_0_Conv_filter_reordered,0x006099e0,1ef16525689437c07bf882e7861c1f95,6144
/model.4/m.1/cv2/conv/Conv_output_0_Conv_filter_reordered,0x0060b1e0,5c419b99e3b0d2c01ea9b40afd321608,36864
/model.2/cv1/conv/Conv_output_0_Conv_bias_packed,0x006141e0,57d35e138e856abebe5def098f766ab1,576
/model.22/cv2.0/cv2.0.2/Conv_output_0_Conv_filter_reordered,0x00614420,08d40a82d6fa463817e2b88b70c08304,4096
/model.8/cv1/act/Mul_output_0_Mul_table,0x00615420,541fa2101190833b6c8b401a35035109,256
/model.4/cv1/conv/Conv_output_0_Conv_bias_packed,0x00615520,2019dd734209206c3f3d0b93b8599df6,1152
/model.22/cv2.1/cv2.1.2/Conv_output_0_Conv_filter_reordered,0x006159a0,325215990e4e494a5ef4802a0cbae1ac,4096
/model.22/cv2.1/cv2.1.0/act/Mul_output_0_Mul_table,0x006169a0,f1369bc9316a8afa89e3c27d8cadba05,256
/model.4/m.1/cv1/act/Mul_output_0_Mul_table,0x00616aa0,cba06ebd58b0fdb2dc72030d2f411197,256
/model.4/m.1/cv1/conv/Conv_output_0_Conv_filter_reordered,0x00616ba0,d95097afbeeb7ee622ac193905c2104d,36864
/model.4/m.0/cv2/conv/Conv_output_0_Conv_bias_packed,0x0061fba0,780f36859e4d027fbc2e9854fd2fcfd8,576
/model.4/cv1/act/Mul_output_0_Mul_table,0x0061fde0,d55cd4768f4d0e1dfdf9070b26789d71,256
/model.12/m.0/cv1/act/Mul_output_0_Mul_table,0x0061fee0,a5ee19d314ca94a9174107a3be71c5f1,256
/model.6/cv1/conv/Conv_output_0_Conv_bias_packed,0x0061ffe0,5a653ba7ed0429c46e154a847dcfd399,2304
/model.4/m.0/cv1/conv/Conv_output_0_Conv_bias_packed,0x006208e0,b0e80990ffb664fde5ddbbb82c5d0aa5,576
/model.22/cv3.1/cv3.1.2/Conv_output_0_Conv_bias_packed,0x00620b20,f6107fdd7d4599e6e915787136521ef3,9
/model.2/m.0/cv2/conv/Conv_output_0_Conv_bias_packed,0x00620b30,c2d8df32d485d5567fa41fb237960c05,288
/model.6/cv2/act/Mul_output_0_Mul_table,0x00620c50,23525169572494d8d1acaaa171793b32,256
/model.22/cv2.0/cv2.0.0/act/Mul_output_0_Mul_table,0x00620d50,d083bc61c19b99b9006e6199511558a2,256
/model.7/conv/Conv_output_0_Conv_filter_reordered,0x00620e50,4382ed78a3a6ba6d144994542dd36112,1179648
/model.12/m.0/cv2/act/Mul_output_0_Mul_table,0x00740e50,4a027c67a87ebaff4fde4e20b34c647e,256
/model.15/m.0/cv1/conv/Conv_output_0_Conv_bias_packed,0x00740f50,a79536b9a403e3677834a4b133e4b51e,576
/model.18/m.0/cv1/conv/Conv_output_0_Conv_filter_reordered,0x00741190,c952acfba6f5d7c1b4833936e8979d4f,147456
/model.8/cv1/conv/Conv_output_0_Conv_filter_reordered,0x00765190,62ae92bc85cb907a05fed26bd3ec8893,262144
/model.12/cv2/conv/Conv_output_0_Conv_filter_reordered,0x007a5190,cb7c40e7cd32f0db3a2b71c30ebab8f5,98304
/model.22/cv2.0/cv2.0.0/conv/Conv_output_0_Conv_bias_packed,0x007bd190,94efce765c89478fdee6954aae75d4e4,576
/model.22/cv3.0/cv3.0.1/act/Mul_output_0_Mul_table,0x007bd3d0,a755d2489a05f2374153c38f3a6a48b3,256
/model.8/m.0/cv1/conv/Conv_output_0_Conv_bias_packed,0x007bd4d0,f62cfa63d09f3a6c0eb860e7915083fe,2304
/model.8/m.0/cv2/conv/Conv_output_0_Conv_bias_packed,0x007bddd0,0adca86e20bfb571ae5b5d97bb1f1f2e,2304
/model.8/cv1/conv/Conv_output_0_Conv_bias_packed,0x007be6d0,733b9667c6d3b845399b0ef24480e72c,4608
/model.8/cv2/act/Mul_output_0_Mul_table,0x007bf8d0,bc01ad38698f057600b1d1a5909894e0,256
/model.8/m.0/cv2/conv/Conv_output_0_Conv_filter_reordered,0x007bf9d0,c98a02c9624716df525e7288bc3e2748,589824
/model.8/cv2/conv/Conv_output_0_Conv_bias_packed,0x0084f9d0,636131f629f7cf3317140e8d7fb8468d,4608
/model.8/cv2/conv/Conv_output_0_Conv_filter_reordered,0x00850bd0,96ad46e3c8cd784414c5fad262d148d8,393216
/model.9/cv1/conv/Conv_output_0_Conv_filter_reordered,0x008b0bd0,9579b421fa5cb2f77c50b81b39bba1c1,131072
/model.3/conv/Conv_output_0_Conv_filter_reordered,0x008d0bd0,397a9a8121fc4a5bcdac7490bc3d886e,73728
/model.9/cv1/act/Mul_output_0_Mul_table,0x008e2bd0,13f44caf637b723e1596f8026b578a28,256
/model.9/cv2/conv/Conv_output_0_Conv_bias_packed,0x008e2cd0,709eaf35e62cad606a5a988db342e366,4608
/model.22/dfl/conv/Conv_output_0_Conv_bias_packed,0x008e3ed0,3191c732c66d065777bba6c87910c3b5,5
/model.21/cv2/conv/Conv_output_0_Conv_filter_reordered,0x008e3ee0,6566bbf4608aa6ee2af65d347099453e,393216
/model.9/cv2/act/Mul_output_0_Mul_table,0x00943ee0,75d92eefc9f654dbc35e93f125a62fd0,256
/model.4/cv1/conv/Conv_output_0_Conv_filter_reordered,0x00943fe0,aa0b51d8866c74967747e5c1a6e950bf,16384
/model.12/m.0/cv1/conv/Conv_output_0_Conv_bias_packed,0x00947fe0,8c413abd6e732245a0e02a1af1870e00,1152
/model.22/cv3.1/cv3.1.1/act/Mul_output_0_Mul_table,0x00948460,491021ab315fa76fabda077f6299751d,256
/model.1/conv/Conv_output_0_Conv_bias_packed,0x00948560,193243523472c5f0c84b593a04d8e9ad,576
/model.10/Resize_output_0_Resize_filter_reordered,0x009487a0,3c019e2ed35244ecf93d6d9d230cf17d,2048
/model.10/Resize_output_0_Resize_bias_packed,0x00948fa0,6c8a444af968ac79f6f9e0921b4cf6af,2560
/model.15/cv1/conv/Conv_output_0_Conv_bias_packed,0x009499a0,f414a3934d6fcc3b2c54406e4b9ed67e,1152
/model.2/m.0/cv2/act/Mul_output_0_Mul_table,0x00949e20,62aa907e7c443fae5ffab09794a9415b,256
/model.12/cv1/conv/Conv_output_0_Conv_bias_packed,0x00949f20,8aa480c17750b25de9cb1906ddf61ce6,2304
/model.12/cv1/conv/Conv_output_0_Conv_filter_reordered,0x0094a820,c18e16ae11f9d2248015efac8b9179da,196608
/model.18/m.0/cv1/act/Mul_output_0_Mul_table,0x0097a820,3395e137081164015c3cc487f80492da,256
/model.6/m.0/cv2/conv/Conv_output_0_Conv_bias_packed,0x0097a920,fb26599a9bdb762c05f794f1cd653086,1152
/model.12/cv1/act/Mul_output_0_Mul_table,0x0097ada0,e61aa5e53437cb8d3437830594b062b8,256
/model.12/m.0/cv1/conv/Conv_output_0_Conv_filter_reordered,0x0097aea0,6923953a36ec181a5619a992c19556c6,147456
/model.12/m.0/cv2/conv/Conv_output_0_Conv_bias_packed,0x0099eea0,b133f7f9aaf2c5a639461e303d22a2fc,1152
/model.13/Resize_output_0_Resize_bias_packed,0x0099f320,ab32aef41dd214604a53df37359df594,1280
/model.12/m.0/cv2/conv/Conv_output_0_Conv_filter_reordered,0x0099f820,867913264ba0ba8afc98a5bd738f6ba8,147456
/model.12/cv2/conv/Conv_output_0_Conv_bias_packed,0x009c3820,e656367fad424bbe53817893eb94c9a5,2304
/model.16/act/Mul_output_0_Mul_table,0x009c4120,d94e33e73fd6cb6f5a9ff7734c2d2af1,256
/model.7/conv/Conv_output_0_Conv_bias_packed,0x009c4220,220d621d1f377913942efb6ac75691d7,4608
/model.13/Resize_output_0_Resize_filter_reordered,0x009c5420,abfffc0e8d9fd5e9a93b677baa3a9f0e,1024
/model.6/cv2/conv/Conv_output_0_Conv_bias_packed,0x009c5820,6fa5d9c46fe18a41f407b22522d8c42b,2304
/model.15/cv1/conv/Conv_output_0_Conv_filter_reordered,0x009c6120,90dff8087f0c4a641bac2e84b5242378,49152
/model.15/cv2/act/Mul_output_0_Mul_table,0x009d2120,37f431f0449dd27c96e3a11a0d17d5d2,256
/model.6/m.0/cv1/act/Mul_output_0_Mul_table,0x009d2220,95df02c0ef9c2ab246d83d0ef5441a59,256
/model.4/m.0/cv1/act/Mul_output_0_Mul_table,0x009d2320,0086cf000f3f121a260b3274c330283b,256
/model.7/act/Mul_output_0_Mul_table,0x009d2420,ef750902d7249e554d7e28f277550430,256
/model.15/cv1/act/Mul_output_0_Mul_table,0x009d2520,fb9c5df8fc85f139d1423954bc5d2ab8,256
/model.6/cv1/act/Mul_output_0_Mul_table,0x009d2620,7c50f9fbd28719bc7e61e623243bfe0d,256
/model.15/m.0/cv2/conv/Conv_output_0_Conv_bias_packed,0x009d2720,309a0b7bfcca723d1f924489833ba52a,576
/model.15/m.0/cv2/conv/Conv_output_0_Conv_filter_reordered,0x009d2960,5bb0b629f7300df97b35324d5f5a7087,36864
/model.15/m.0/cv2/act/Mul_output_0_Mul_table,0x009db960,578bbed33bebb22569c748d80945266a,256
/model.21/cv1/conv/Conv_output_0_Conv_filter_reordered,0x009dba60,b4345946d538a8e704f3128e41d82dd8,393216
/model.2/m.0/cv2/conv/Conv_output_0_Conv_filter_reordered,0x00a3ba60,7f96e01311a475fb1506480afeb53076,9216
/model.15/cv2/conv/Conv_output_0_Conv_bias_packed,0x00a3de60,97f36bc64322a99b965da1627605fa80,1152
/model.15/cv2/conv/Conv_output_0_Conv_filter_reordered,0x00a3e2e0,1bf1fbbfeb1f34d0aa4198dc68c15e67,24576
/model.22/cv2.0/cv2.0.0/conv/Conv_output_0_Conv_filter_reordered,0x00a442e0,9632f20b6b50127df2f016b971b2a685,73728
/model.22/cv3.0/cv3.0.0/conv/Conv_output_0_Conv_bias_packed,0x00a562e0,5e400d8d2e16814e875919de38c3de96,1152
/model.22/cv3.0/cv3.0.2/Conv_output_0_Conv_bias_packed,0x00a56760,eae1733e0a7a39255eda8750e99eb4aa,9
/model.4/cv2/conv/Conv_output_0_Conv_bias_packed,0x00a56770,b628c18088d0539ca4a93518bc69ee11,1152
/model.6/cv1/conv/Conv_output_0_Conv_filter_reordered,0x00a56bf0,fa27cbf56c5ba63d082de7a3d6bb7331,65536
/model.22/cv3.0/cv3.0.0/act/Mul_output_0_Mul_table,0x00a66bf0,5d10037e832820db0e3e4a0d52c67322,256
/model.22/cv2.0/cv2.0.1/conv/Conv_output_0_Conv_bias_packed,0x00a66cf0,f50af9eafb01353048064d099a899502,576
/model.4/m.0/cv1/conv/Conv_output_0_Conv_filter_reordered,0x00a66f30,cea0602d7ce51581d405be4ac98aa33b,36864
/model.22/cv3.0/cv3.0.1/conv/Conv_output_0_Conv_bias_packed,0x00a6ff30,816bf62994e9b7396cc10545c055736f,1152
/model.6/m.1/cv1/conv/Conv_output_0_Conv_bias_packed,0x00a703b0,26c7e8acf067f2cafd1428e1f8c97a43,1152
/model.15/m.0/cv1/conv/Conv_output_0_Conv_filter_reordered,0x00a70830,558f7017ac54da1da424117565b3b030,36864
/model.22/cv3.0/cv3.0.1/conv/Conv_output_0_Conv_filter_reordered,0x00a79830,55ce0e8dd2e5c9109f2f08230e24591d,147456
/model.18/cv1/conv/Conv_output_0_Conv_bias_packed,0x00a9d830,65cda2bad34334b806de6da4e36aabf4,2304
/model.18/cv1/act/Mul_output_0_Mul_table,0x00a9e130,71c1f35f4501f55dfa09da6242c63bda,256
/model.18/cv1/conv/Conv_output_0_Conv_filter_reordered,0x00a9e230,6cf51dbd98f38237b5c1c17dc5d2be5d,98304
